华夏信财股权投资管理有限公司	华夏信财经国家工商总局批准成立,注册资本1亿元,总部位于上海,由上市企业大股东和著名美元基金共同发起的企业,中宣部备案的上海文金所综合类会员。		https://www.huaxiafinance.com/
华夏信财-互联网金融信息服务平台	华夏信财-互联网金融信息服务平台,华夏信财凭借成熟丰富的互联网运作能力和专业的项目经验,秉持合规经营理念积极上线银行存管,并不断深化信息披露,为客户提供多元化...		http://lc.huaxiafinance.com/
华夏信财可靠么? - 知乎	有件事一直让我困扰 就是华夏信财董事长 创始人 李彬 作为业内资深人士(前宜信 恒昌高管) 为什么会跳槽去E租宝工作,如果是草率导致 还好一些,如果是因为巨大的利...		https://m.zhihu.com/question/45945009
华夏信财-股东背景	华夏信财经国家工商总局批准成立,注册资本1亿元,总部位于上海,由上市企业大股东和著名美元基金共同发起的企业,中宣部备案的上海文金所综合类会员。		https://www.huaxiafinance.com/shareholders.html
华夏信财怎么样好吗?_百度知道	[专业]答案:华夏信财是外商直接投资的互联网金融服务企业,公司打造了集“投前全纬度评估、投后主动性管理”于...更多关于华夏信财的问题>>		https://zhidao.baidu.com/question/138824057470490725.html
华夏信财-管理团队	华夏信财经国家工商总局批准成立,注册资本1亿元,总部位于上海,由上市企业大股东和著名美元基金共同发起的企业,...		https://www.huaxiafinance.com/managementTeam.html
【华夏信财】| 据说,有人在央视看到华夏信财了?原来是……-平台...	华夏信财核心管理层是一个非常国际化的团队,分别来自于银行、投行、第三方、基金等金融,有着优良的金融、互...	2017年5月27日	https://bbs.wdzj.com/thread-963016-1-1.html
华夏信财的微博_微博	华夏信财,华夏信财股权投资管理有限公司。华夏信财的微博主页、个人资料、相册。新浪微博,随时随地分享身边的...		https://weibo.com/huaxiafinance
【华夏信财】华夏信财招聘|待遇|面试|怎么样-看准网	想了解华夏信财怎么样?已有123名华夏信财员工在看准网(Kanzhun.com)★进行爆料,点击查看华夏信财待遇工资、面试经验、最新招聘、点评评价,此外还提供华夏信财简介...		https://www.kanzhun.com/gso5608527.html
华夏信财	4天前 - 华夏信财股权投资管理有限公司经国家工商总局批准成立,注册资本1亿元,总部位于上海。华夏信财由全球美元基金——国泰财富集团(Cathay-Capital)和中国...		https://www.rrjc.com/news/newsDetails-149678.html
华夏信财	为深入学习贯彻党的十九大精神,学习领会党的最新理论成果,提升党员政治素养和自身综合实力,华夏信财党支部积极响应社区党委号召,与来自驻区单位、两新组织、居民区的...		https://oa.huaxiafinance.com/
华夏信财招聘职位-拉勾网-专业的互联网招聘平台	华夏信财投资管理(上海)有限公司 暂无 招聘职位  暂无 简历及时处理率  暂无 简历处理用时  暂无 面试评价  7天内 企业最近登录 公司...		https://www.lagou.com/gongsi/j105818.html
“践行”普惠金融 华夏信财创始人李彬详解盈利之道_金融_华夏时报网	3月1日我们正式对外发布了2016年四季度和全年运营报告,去年第四季度华夏信财的平台累计交易金额达到10亿元,全年累计交易达到20亿元,去年下半年在监管...	2017年3月17日	http://www.chinatimes.cc/article/65676.html
华夏信财—华楼宝|信用贷款|上班族个体工商户企业主|华夏信财信息...	汪经理- 华夏信财杭州江干第一分公司 服务地区: 杭州市  免费申请1提交贷款申请 2电话沟通贷款需求 3匹配贷款经理 4经理线下为您服务 贷款公司放款...		http://daikuan.csaimall.com/product-10246.html
花虾金融-华夏信财旗下互联网理财平台	花虾金融是华夏信财旗下一站式互联网金融平台,专注于互联网服务,为有融资及投资需求的小微企业及个人建立起高效、透明、便捷的互联网金融服务平台。		http://www.huaxiaoxia.com/
【华夏信财】电话_地址_价格_营业时间_越城区金融团..._大众点评网	绍兴越城区金融华夏信财怎么样?好不好?提供华夏信财人均价格、品牌简介、产品图片、交通线路、官方电话、折扣优惠券、开放关门时间、用户评价投诉、便民服务信息、本...		http://www.dianping.com/shop/77749690
华夏信财:当我们谈论3.15时 我们在谈论什么_陕西频道_凤凰网	原标题:华夏信财:当我们谈论3.15时,我们在谈论什么1983年,国际消费者联盟组织确定每年的3月15日为“国际...	2017年3月16日	http://sn.ifeng.com/a/20170316/5468575_0.shtml
华夏信财:以普惠金融突破边界_企业资讯_产经频道首页_财..._财经网	在从事了20多年国际金融业务,积累了横跨投资银行、商业银行和零售金融的经验后,李彬于2015年创立了华夏信财,这是中国大陆为数不多获得外商直接投资(FD...	2017年11月13日	http://www.caijing.com.cn/20171113/4359764.shtml
华夏信财app下载,华夏信财贷款软件官网版下载 v3.0.1 -..._安卓乐园	安卓乐园华夏信财贷款软件官网版下载,华夏信财贷款软件官网版是一款关于互联网金融的理财软件,直接在手机上操作,方便又简单,还有海量产品可以选择,不...	2017年9月4日	https://www.520apk.com/gouwulicia/1000100610.html
朗迪中国峰会在沪召开 华夏信财等金融科技新秀展露头角	确实,尽管近两年互联网金融领域遭遇监管寒流,但峰会上仍出现了不少新兴机构,比如华夏信财。作为互金领域的年轻企业,经国内排名前十的瑞华会计事务所审...	2017年7月17日	http://news.10jqka.com.cn/20170717/c599224685.shtml
华夏信财安卓版下载安装_华夏信财 4.1.4手机版官方下载-2345安卓网	2345安卓下载为您提供华夏信财 4.1.4安卓版,手机版下载,华夏信财 4.1.4apk免费下载安装到手机.同时支持便捷的电脑端一键安装功能!	2018年5月4日	http://www.duote.com/android/107222.html
华夏信 - 业务员 - 华夏信财 | 领英	上领英,在全球领先职业社交平台查看华夏信的职业档案。华夏信的职业档案列出了1 个职位。查看华夏信的完整档案,结识职场人脉和查看相似公司的职位。		https://cn.linkedin.com/in/%E5%A4%8F%E4%BF%A1-%E5%8D%8E-332090119?trk=prof-samename-picture
遭遇华夏信财的恶意骚扰电话怎么办? - 110网免费法律咨询	7月6日下午突然接到一个电话,是华夏信财催还贷款的,先是寻问我宋世谊是不是我的前夫,然后说宋有笔欠款没还,让我联系宋还款。 我回复对方说明情况,我们...	2017年7月8日	http://www.110.com/ask/question-11417137.html
华夏信财投资管理(上海)有限公司温州分公司 - 最新招聘信息 - ...	为了积极贯彻落实党的十八届三中全会精神,肩负起完善金融市场体系,发展普惠金融的历史使命,华夏信财股权投资管理有限公司应运而生。华夏信财经国家工商总局批准成立,注...		http://vip.0577hr.com/html/company/119000/118428.html
华夏信财股权投资管理有限公司_【工商信息_电话地址_注册信息_...	华夏信财股权投资管理有限公司怎么样?,企查查为您提供华夏信财股权投资管理有限公司的最新工商信息、诉讼信息、电话号码、招聘信息、公司简介、公司地址、公司规模、...		https://www.qichacha.com/firm_8faf732ef9fc630cf3d3ab39b993b07f
华夏信财华楼贷条件都需要满足才能申贷【东方融资网】	华夏信财凭借经验丰富的合伙制体系及科学创新的经营方针。	2016年10月26日	https://gl.rongzi.com/detail/28035.html
华夏信财董事长李彬履历简介	华夏信财董事长李彬拥有近十年的小额消费贷款从业管理经验,曾经任职于平安保险集团以及阳光保险集团小额消费信用贷款部门,擅长机构拓展搭建和销售前后...	2017年12月5日	https://www.51duoying.com/zx-baobao/49591.html
【2018年华夏信财_最新招聘信息_电话_地址】	华夏信财怎么样?赶集网为您提供华夏信财的最新招聘信息、公司简介、公司地址、公司规模、岗位福利等详细信息,让您在选择华夏信财前能够做到全面了解。		http://www.ganji.com/gongsi/316957363087245312w/
【华夏信财_华夏信财招聘】华夏信财互联网金融信息服务(..._拉勾网	华夏信财在拉勾网招聘等你,华夏信财由美元基金国泰财富集团(www.cathay-capital.com)和中国上市公司冠福股份股东之一林氏家族成员林文洪共同发起,注册资本1亿元,总部...		https://www.lagou.com/gongsi/96590.html
华夏信财投资管理(上海)有限公司	名称:华夏信财投资管理(上海)有限公司注册号:310101000681243法定代表人姓名:刘刚住所:上海市黄浦区建国西路91弄5号809-4室注册资本:2000.000000万人民币企业状态:确...		http://3990466.01p.com/
华夏信财李彬:不追求规模,只追求质量-新华网	面对这一行业挑战,华夏信财股权投资管理有限公司(简称“华夏信财”)董事长兼CEO李彬日前接受新华网采访时表示,监管新格局下,中国信用体系建设还在发展...	2017年11月24日	http://www.sh.xinhuanet.com/2017-11/24/c_136777070.htm
华夏信财手机app|华夏信财app下载 v2.0.5 安卓版 - 比克尔下载	华夏信财app是华夏信财官网打造的手机客户端,是安全高收益的O2O金融理财平台,共有华信宝、华信赢A、华信赢B三种理财产品,预期收益率最高可达14%,并由...	2017年3月21日	http://www.bkill.com/download/142713.html
华夏信财投资管理(上海)有限公司绍兴分公司,主营:一般经营项目,...	华夏信财投资管理(上海)有限公司绍兴分公司我公司具体地址位于绍兴市越城区胜利东路300、302号,欢迎各位新老客户来我公司参观指导工作,,我们主要经营一般经营项目:...		http://sq23521279.china.herostart.com/
各位谁清楚华夏信财怎么做知道的大神讲一下?_百度知道	最佳答案: 你是想要投资还是借贷呢,华夏信财是一家P2P网络借贷信息中介机构,为客户提供优质的信息服务,你有...更多关于华夏信财的问题>>		https://zhidao.baidu.com/question/1757411617155063588.html
华夏信财的微博_微博	华夏信财,华夏信财股权投资管理有限公司。华夏信财的微博主页、个人资料、相册。新浪微博,随时随地分享身边的...		https://weibo.com/u/5646911618
华夏信财电子商务(上海)有限公司联系方式_信用报告_工商信息-启信宝	想了解华夏信财电子商务(上海)有限公司联系方式,信用报告,工商信息,公司地址?用启信宝查看华夏信财电子商务(上海)有限公司的工商信息,股东信息,主要人员,分支机构等...		http://www.qixin.com/company/f7f5b024-4344-453e-9067-1e61b65f37b2
华夏信财是不是也是资金池模式啊收益这么高? - 知乎	小樱花 p2p行业萌宠(华夏信财) 华夏信财是三方控股,分别是美元基金(国泰财富),上市企业冠福股份,以及华夏信财高管。存管银行是平安银行。再说年化10%很高嘛!民...		https://www.zhihu.com/question/65451349/answer/232202307
【华夏信财 无抵押信用贷款 利息低额度高 放款快】价格_..._慧聪网	华夏信财 无抵押信用贷款 利息低额度高 放款快标准价 ¥1.00/ 相关商品推荐BESDIA台湾一品精密组钻石锉刀PF-10 木工锉刀套装金刚砂小锉刀 ¥11.50/支 哈尔滨...		https://b2b.hc360.com/supplyself/629086423.html
有老哥知道华夏信财是哪个小贷公司吗,今天被扣了500多 - ..._我爱卡	下午莫名被扣了546.50,然后之前也没收到什么小贷的还款短信,银行卡扣款什么也没显示,去银行查了一下说是宝付代扣的。然后刚打电话给宝付查询,说是华夏...	2017年8月28日	https://bbs.51credit.com/thread-3665124-1-1.html
重磅!华夏信财正式与平安银行签署网络借贷资金存管协议_财经频道_...	4月19日,华夏信财正式与平安银行签署网络借贷资金存管协议,协议内容约定华夏信财将使用平安银行推出的“存管家”产品对所属网络借贷业务进行全面深入...	2017年4月20日	http://mini.eastday.com/a/170420181859712.html
华夏信财常见问题 - 希财网	华夏信财 扫一扫“希财理财”,福利满满等你来! 专业的产品测评,贴心的理财攻略,及时的平台资讯,更有超高的红包活动,统统一手掌握。 微信公众号:希财...	2017年4月9日	http://www.csai.cn/p2pzixun/1229966.html
华夏信财信息咨询(上海)有限公司常州怀德路分公司2017最新招聘...	12月3日2015“华夏信财”杯洲际酒店集团“希望工程”慈善高尔夫活动成功举办,携手洲际酒店集团善款支持希望小学。 招聘信息 全职职位兼职职位  该公司尚未发布任何全职...		http://qy.58.com/32152980032775/
华夏信财app下载|华夏信财 安卓版v4.1.1 - PC6安卓网	华夏信财app下载|华夏信财app是一个一站式O2O互联网金融在线财富管理平台,华夏信财app专注于为客户打造360°专业私人的财富管理服务,为您提供稳定收益...	2018年3月29日	http://www.pc6.com/az/306986.html
华夏信财在中国排名_中华文本库	华夏信财在中国排名 2017中国500强企业排名完整榜单_图文  华夏银行股份有限公司 招商局蛇口工业区控股股份有限公司 华电国际电力股份有限公司...信利国际有限公司 ...		http://www.chinadmd.com/theme/j872N89K5N569JEP09M267m84B3XgS6j7Pj1X0NNR69k/
